<!--
This is the user configurable SAG Mill recipe file. This file will not be modified or removed by EnderIO.

Adding new Recipes:
For details of how to add a new recipe please see the documentation at the top of SAGMillRecipes_Core.xml.

Removing Recipes:
To disable all recipes within a group, in this example Forestry, include the following in this file:

<recipeGroup name="Forestry" enabled="false"/>

To disable individual recipes, simply provide an invalid recipe for them:

<recipeGroup name="Applied Energistics">
  <recipe name="CertusQuartzOre"/>
</recipeGroup>

To change an existing recipe, just add the recipe to this file using the same recipe group and recipe name as
found in the core file.

-->

<SAGMillRecipes>
  <recipeGroup name="EnderIO" > <!-- Required for EnderIO to function correctly. -->
    <!-- Sand to Silicon -->
    <recipe name="Silicon" energyCost="720" >
      <input>
        <itemStack oreDictionary="sand" />
      </input>
      <output>
        <itemStack modID="gregtech" itemName="gt.metaitem.01" number="1" itemMeta="2020" chance="0.5" />
      </output>
    </recipe>
    <recipe name="SiliconRedSand" energyCost="720" >
      <input>
        <itemStack oreDictionary="sand" itemMeta="1" />
      </input>
      <output>
        <itemStack modID="gregtech" itemName="gt.metaitem.01" number="1" itemMeta="2020" chance="0.5" />
      </output>
    </recipe>
  </recipeGroup>

  <recipeGroup name="BigReactors">
    <!-- Metals -->
    <recipe name="YelloriteOre" energyCost="3600">
      <input>
        <itemStack oreDictionary="oreYellorite" />
      </input>
      <output>
        <itemStack oreDictionary="dustYellorium" number="2" />
        <itemStack oreDictionary="dustCyanite" number="1" chance="0.05" />
      </output>
    </recipe>

    <!-- Alloys and Ingots -->
    <recipe name="YelloriteIngot" energyCost="2400">
      <input>
        <itemStack oreDictionary="ingotYellorium" />
      </input>
      <output>
        <itemStack oreDictionary="dustYellorium" number="1" />
      </output>
    </recipe>
    <recipe name="CyaniteIngot" energyCost="2400">
      <input>
        <itemStack oreDictionary="ingotCyanite" />
      </input>
      <output>
        <itemStack oreDictionary="dustCyanite" number="1" />
      </output>
    </recipe>
    <recipe name="BlutoniumIngot" energyCost="2400">
      <input>
        <itemStack oreDictionary="ingotBlutonium" />
      </input>
      <output>
        <itemStack oreDictionary="dustBlutonium" number="1" />
      </output>
    </recipe>
    <recipe name="GraphiteIngot" energyCost="2400">
      <input>
        <itemStack oreDictionary="ingotGraphite" />
      </input>
      <output>
        <itemStack oreDictionary="dustGraphite" number="1" />
      </output>
    </recipe>
  </recipeGroup>

<grindingBalls>
    <grindingBall grindingMultiplier="1.5" chanceMultiplier="2" powerMultiplier="0.7" durationRF="100000">
      <itemStack modID="EnderIO" itemName="itemMaterial" itemMeta="7" />
    </grindingBall>

    <excludes>
      <itemStack modID="minecraft" itemName="glowstone" />
      <itemStack modID="minecraft" itemName="wool" itemMeta="*"/>
      <itemStack modID="minecraft" itemName="quartz_block" itemMeta="*"/>
      <itemStack modID="minecraft" itemName="quartz_stairs"/>
      <itemStack modID="minecraft" itemName="stone_slab" itemMeta="7" />

      <itemStack modID="minecraft" itemName="quartz" />
      <itemStack oreDictionary="crystalCertusQuartz" />
      <itemStack oreDictionary="crystalFluix" />
	  <itemStack oreDictionary="blockSteel" />
	  <itemStack oreDictionary="blockBronze" />
	  <itemStack oreDictionary="blockSilver" />
	  <itemStack oreDictionary="blockIron" />
	  <itemStack oreDictionary="blockLead" />
	  <itemStack oreDictionary="blockTin" />
	  <itemStack oreDictionary="blockCopper" />
    </excludes>

  </grindingBalls>

  <recipeGroup name="Vanilla" >
    <recipe name="Cobblestone" energyCost="2400" >
      <input>
        <itemStack modID="minecraft" itemName="cobblestone" />
      </input>
      <output>
        <itemStack modID="minecraft" itemName="sand" />
        <itemStack modID="minecraft" itemName="gravel" chance="0.1" />
      </output>
    </recipe>
    <recipe name="ClayBlock" energyCost="2400" >
      <input>
        <itemStack modID="minecraft" itemName="clay" />
      </input>
      <output>
        <itemStack modID="minecraft" itemName="clay_ball" number="2" />
        <itemStack modID="minecraft" itemName="clay_ball" number="1" chance="0.1" />
        <itemStack modID="gregtech" itemName="gt.metaitem.01" number="2" itemMeta="2020"  chance="0.8" />
      </output>
    </recipe>
    <recipe name="RedstoneOre" energyCost="3000" >
      <input>
        <itemStack oreDictionary="oreRedstone" />
      </input>
      <output>
        <itemStack modID="minecraft" itemName="redstone" number="8" />
        <itemStack modID="minecraft" itemName="redstone" number="1" chance="0.2" />
        <itemStack modID="gregtech" itemName="gt.metaitem.01" itemMeta="2020" chance="0.8" />
        <itemStack modID="minecraft" itemName="cobblestone" chance="0.15" />
      </output>
    </recipe>
  </recipeGroup>

</SAGMillRecipes>
