<?xml version="1.0"?>
<book>
    <info gen="true">
        <name>Beyond Reality Book</name>
        <author>Dominance</author>
        <color>FF8000</color>
        <item>blockDirt</item>
    </info>
    
    <register type="item" unlocalized="tile.dirt" name="blockDirt"></register>
    <page>
        <text bold="true" x="60" y="-13">Example Book</text>
        <text wrap="60">This is just a silly example book and it means absolutely nothing, the wrap is nice and low so it's all squished up.

    Oh look I'm a new line! Added in the text, this is fun!</text>
        <stack x="80" item="blockDirt"></stack>
    </page>
    <page>
        <img x="80" y="460" src="assets/OverworldOre" size="0.15" stretch="1.1"></img>
        <crafting x ="80" y="170" size="0.75">
            <craft1>blockDirt,blank,blank</craft1>
            <craft2>blank,blockDirt,blank</craft2>
            <craft3>blank,blank,blockDirt</craft3>
            <craftResult num="3">blockDirt</craftResult>
        </crafting>
    </page>
</book>