<IfModInstalled name='techreborn'>
  <!-- <ConfigSection>

       <IfCondition condition=':= ?COGActive'>

       <Substitute name='OreSubstitute' block='minecraft:stone'>

       <Description>
       Replaces all generated ore clusters with stone.
       </Description>

       <Comment>
       Clearing all ore spawn.
       </Comment>

       </Substitute>
       </IfCondition>
       </ConfigSection> -->
  <ConfigSection>
    <BiomeSet name='Mountain'>
      <Biome name='alps' />
      <!-- BOP -->
      <Biome name='highlands' />
      <!-- BOP -->
      <Biome name='crag' />
      <!-- BOP -->
      <Biome name='ice mountains' />
      <Biome name='Extreme\s*Hills' />
      <Biome name='Extreme\s*Hills\s*Edge' />
    </BiomeSet>
  </ConfigSection>
  <ConfigSection>
    <!-- Sparse presets -->
    <StandardGenPreset name='SparseStone'>
      <Setting name='Size' avg='2' range='2' />
      <Replaces block='minecraft:stone:0' />
      <Replaces block='minecraft:stone:1' />
      <Replaces block='minecraft:stone:3' />
      <Replaces block='minecraft:stone:5' />
      <Replaces block='minecraft:sandstone:0' />
      <Replaces block='minecraft:clay' />
      <ReplacesOre block='dirt' />
      <ReplacesOre block='gravel' />
      <ReplacesOre block='stoneBasalt' />
      <ReplacesOre block='stoneMarble' />
      <ReplacesOre block='stoneLimestone' />
    </StandardGenPreset>
    <StandardGenPreset name='SparseNetherrack'>
      <Setting name='Size' avg='3' range='2' />
      <ReplacesOre block='netherrack' />
      <ReplacesOre block='stoneBasalt' />
    </StandardGenPreset>
    <StandardGenPreset name='SparseEndstone'>
      <Setting name='Size' avg='3' range='1' />
      <ReplacesOre block='endstone' />
      <ReplacesOre block='stoneBasalt' />
    </StandardGenPreset>
  </ConfigSection>
  <ConfigSection>
    <!-- Large presets -->
    <CloudPreset name='Large'>
      <Setting name='CloudSizeNoise' avg='0.1' range='0' />
      <Setting name='CloudInclination' avg='0' range='0.35' />
      <Setting name='OreVolumeNoiseCutoff' avg='0' range='0' />
      <Setting name='OreRadiusMult' avg='1' range='0.1' />
    </CloudPreset>
    <CloudPreset name='LargeStone' inherits='Large'>
      <Replaces block='minecraft:stone:0' />
      <Replaces block='minecraft:stone:1' />
      <Replaces block='minecraft:stone:3' />
      <Replaces block='minecraft:stone:5' />
      <Replaces block='minecraft:sandstone:0' />
      <ReplacesOre block='stoneBasalt' />
      <ReplacesOre block='stoneMarble' />
      <ReplacesOre block='stoneLimestone' />
      <ReplacesOre block='gravel' />
    </CloudPreset>
    <CloudPreset name='LargeNetherrack' inherits='Large'>
      <Replaces block='minecraft:netherrack' />
      <ReplacesOre block='stoneBasalt' />
    </CloudPreset>
    <CloudPreset name='LargeEndstone' inherits='Large'>
      <ReplacesOre block='endstone' />
      <ReplacesOre block='stoneBasalt' />
    </CloudPreset>
    <!--HugeVeins-->
    <VeinsPreset name='HugeVeins' branchType='Bezier'>
      <Setting name='MotherlodeRangeLimit' avg='32' range='32' type='normal' />
      <Setting name='BranchFrequency' avg='8' range='4' />
      <Setting name='BranchInclination' avg='0.7' range='0.85' />
      <Setting name='BranchLength' avg='300' range='50' type='normal' />
      <Setting name='BranchHeightLimit' avg='20' />
      <Setting name='SegmentForkFrequency' avg='0.02' />
      <Setting name='SegmentForkLengthMult' avg='0.5' range='0.25' />
      <Setting name='SegmentLength' avg='30' range='6' />
      <Setting name='SegmentAngle' avg='0.30' range='0.30' />
      <Setting name='SegmentRadius' avg='0.025' range='0.2' />
      <Setting name='OreRadiusMult' avg='1' range='0.25' />
      <Replaces block='minecraft:stone:0' />
      <Replaces block='minecraft:stone:1' />
      <Replaces block='minecraft:stone:3' />
      <Replaces block='minecraft:stone:5' />
      <Replaces block='minecraft:sandstone:0' />
      <ReplacesOre block='stoneBasalt' />
      <ReplacesOre block='stoneMarble' />
      <ReplacesOre block='stoneLimestone' />
      <ReplacesOre block='gravel' />
      <Biome name='.*' />
    </VeinsPreset>
  </ConfigSection>
  <ConfigSection>
    <IfCondition condition=':= ?COGActive'>
      <!-- ~~~~~~~~~~~~~~~~~~~~~~~~~~~~~~~~~~~~~~~~~~~~~~~~Iron Ore~~~~~~~~~~~~~~~~~~~~~~~~~~~~~~~~~~~~~~~~~~~~~~~~~~~~~ -->
      <StandardGen name='Sparse Iron' inherits='SparseStone'>
        <OreBlock block='minecraft:iron_ore ' />
        <Setting name='Frequency' avg='18' range='8' scaleTo='biome' />
        <Setting name='Height' avg='45' range='30' scaleTo='biome' />
      </StandardGen>
      <StandardGen name='Sparse Iron1' inherits='SparseStone'>
        <OreBlock block='minecraft:iron_ore ' />
        <Setting name='Frequency' avg='13' range='8' scaleTo='biome' />
        <Setting name='Height' avg='35' range='30' scaleTo='biome' />
      </StandardGen>
      <!-- ~~~~~~~~~~~~~~~~~~~~~~~~~~~~~~~~~~~~~~~~~~~~~~~~Gold Ore~~~~~~~~~~~~~~~~~~~~~~~~~~~~~~~~~~~~~~~~~~~~~~~~~~~~~ -->
      <StandardGen name='Sparse Gold' inherits='SparseStone'>
        <OreBlock block='minecraft:gold_ore' />
        <Setting name='Frequency' avg='8' range='8' scaleTo='biome' />
        <Setting name='Height' avg='20' range='30' scaleTo='biome' />
      </StandardGen>
      <StandardGen name='Sparse Gold1' inherits='SparseStone'>
        <OreBlock block='minecraft:gold_ore' />
        <Setting name='Frequency' avg='10' range='8' scaleTo='biome' />
        <Setting name='Height' avg='25' range='5' scaleTo='biome' />
      </StandardGen>
<!--
      <Veins name='Gold Deposit' block='minecraft:gold_ore' inherits='PresetSmallDeposits'>
        <Description>
            Small motherlodes without any branches.
            Similar to the deposits produced by StandardGen distributions.
        </Description>
        <DrawWireframe>:=drawWireframes</DrawWireframe>
        <WireframeColor>0x60FFE200</WireframeColor>
        <Setting name='MotherlodeSize' avg='0.7' range='1' />
        <Setting name='MotherlodeHeight' avg='56' range='8' type='uniform' scaleTo='SeaLevel' />
        <Setting name='SegmentRadius' avg='0.7' range='1' />
        <Setting name='OreDensity' avg='0.5' range='1' />
        <Setting name='MotherlodeFrequency' avg='0.1' />
        <Replaces block='minecraft:clay'/>
        <Replaces block='minecraft:water'/>
        <ReplacesOre block='gravel'/>
        <Biome name='.*'/>
      </Veins>
-->
      <!-- ~~~~~~~~~~~~~~~~~~~~~~~~~~~~~~~~~~~~~~~~~~~~~~~~Diamond Ore~~~~~~~~~~~~~~~~~~~~~~~~~~~~~~~~~~~~~~~~~~~~~~~~~~~~~ -->
      <StandardGen name='Sparse Diamond' inherits='SparseStone'>
        <OreBlock block=' minecraft:diamond_ore' />
        <Setting name='Frequency' avg='3' range='8' scaleTo='biome' />
        <Setting name='Height' avg='18' range='4' scaleTo='biome' />
      </StandardGen>
      <!-- ~~~~~~~~~~~~~~~~~~~~~~~~~~~~~~~~~~~~~~~~~~~~~~~~Emerald Ore~~~~~~~~~~~~~~~~~~~~~~~~~~~~~~~~~~~~~~~~~~~~~~~~~~~~~ -->
      <StandardGen name='Sparse Emerald' inherits='SparseStone'>
        <OreBlock block='minecraft:emerald_ore' />
        <Setting name='Frequency' avg='2' range='8' scaleTo='biome' />
        <Setting name='Height' avg='50' range='10' scaleTo='biome' />
      </StandardGen>
      <!-- ~~~~~~~~~~~~~~~~~~~~~~~~~~~~~~~~~~~~~~~~~~~~~~~~RedStone Ore~~~~~~~~~~~~~~~~~~~~~~~~~~~~~~~~~~~~~~~~~~~~~~~~~~~~~ -->
      <StandardGen name='Sparse RedStone' inherits='SparseStone'>
        <OreBlock block='minecraft:redstone_ore' />
        <Setting name='Frequency' avg='16' range='4' scaleTo='biome' />
        <Setting name='Height' avg='20' range='26' scaleTo='biome' />
      </StandardGen>
      <StandardGen name='Sparse RedStone1' inherits='SparseStone'>
        <OreBlock block='minecraft:redstone_ore' />
        <Setting name='Frequency' avg='8' range='4' scaleTo='biome' />
        <Setting name='Height' avg='10' range='6' scaleTo='biome' />
      </StandardGen>
      <!-- ~~~~~~~~~~~~~~~~~~~~~~~~~~~~~~~~~~~~~~~~~~~~~~~~Lapis Ore~~~~~~~~~~~~~~~~~~~~~~~~~~~~~~~~~~~~~~~~~~~~~~~~~~~~~ -->
      <StandardGen name='Sparse Lapis' inherits='SparseStone'>
        <OreBlock block='minecraft:lapis_ore' />
        <Setting name='Frequency' avg='13' range='4' scaleTo='biome' />
        <Setting name='Height' avg='13' range='4' scaleTo='biome' />
      </StandardGen>
      <StandardGen name='Sparse Lapis1' inherits='SparseStone'>
        <OreBlock block='minecraft:lapis_ore' />
        <Setting name='Frequency' avg='18' range='4' scaleTo='biome' />
        <Setting name='Height' avg='10' range='4' scaleTo='biome' />
      </StandardGen>
      <!-- ~~~~~~~~~~~~~~~~~~~~~~~~~~~~~~~~~~~~~~~~~~~~~~~~Coal Ore~~~~~~~~~~~~~~~~~~~~~~~~~~~~~~~~~~~~~~~~~~~~~~~~~~~~~ -->
      <StandardGen name='Sparse Coal' inherits='SparseStone'>
        <OreBlock block='minecraft:coal_ore' />
        <Setting name='Frequency' avg='30' range='8' scaleTo='biome' />
        <Setting name='Height' avg='55' range='25' scaleTo='biome' />
      </StandardGen>
      <StandardGen name='Sparse Coal1' inherits='SparseStone'>
        <OreBlock block='minecraft:coal_ore' />
        <Setting name='Frequency' avg='25' range='4' scaleTo='biome' />
        <Setting name='Height' avg='45' range='25' scaleTo='biome' />
      </StandardGen>
      <StandardGen name='Sparse Coal2' inherits='SparseStone'>
        <OreBlock block='minecraft:coal_ore' />
        <Setting name='Frequency' avg='20' range='3' scaleTo='biome' />
        <Setting name='Height' avg='35' range='25' scaleTo='biome' />
      </StandardGen>
      <StandardGen name='Sparse Coal3' inherits='SparseStone'>
        <OreBlock block='minecraft:coal_ore' />
        <Setting name='Frequency' avg='15' range='2' scaleTo='biome' />
        <Setting name='Height' avg='25' range='25' scaleTo='biome' />
      </StandardGen>
      <!-- ~~~~~~~~~~~~~~~~~~~~~~~~~~~~~~~~~~~~~~~~~~~~~~~~Apatite Ore~~~~~~~~~~~~~~~~~~~~~~~~~~~~~~~~~~~~~~~~~~~~~~~~~~~~~ -->
      <StandardGen name='Sparse Apatite1' inherits='SparseStone'>
        <OreBlock block='forestry:resources:0' />
        <Setting name='Frequency' avg='20' range='8' scaleTo='biome' />
        <Setting name='Height' avg='85' range='30' scaleTo='biome' />
      </StandardGen>
      <StandardGen name='Sparse Apatite2' inherits='SparseStone'>
        <OreBlock block='forestry:resources:0' />
        <Setting name='Frequency' avg='10' range='8' scaleTo='biome' />
        <Setting name='Height' avg='45' range='10' scaleTo='biome' />
      </StandardGen>
      <!-- ~~~~~~~~~~~~~~~~~~~~~~~~~~~~~~~~~~~~~~~~~~~~~~~~Copper Ore~~~~~~~~~~~~~~~~~~~~~~~~~~~~~~~~~~~~~~~~~~~~~~~~~~~~~ -->
      <StandardGen name='Sparse Copper' inherits='SparseStone'>
        <OreBlock block='forestry:resources:1' />
        <Setting name='Frequency' avg='20' range='8' scaleTo='biome' />
        <Setting name='Height' avg='85' range='30' scaleTo='biome' />
      </StandardGen>
      <StandardGen name='Sparse Copper1' inherits='SparseStone'>
        <OreBlock block='forestry:resources:1' />
        <Setting name='Frequency' avg='10' range='8' scaleTo='biome' />
        <Setting name='Height' avg='45' range='10' scaleTo='biome' />
      </StandardGen>
      <!-- ~~~~~~~~~~~~~~~~~~~~~~~~~~~~~~~~~~~~~~~~~~~~~~~~Tin Ore~~~~~~~~~~~~~~~~~~~~~~~~~~~~~~~~~~~~~~~~~~~~~~~~~~~~~ -->
      <StandardGen name='Sparse Tin1' inherits='SparseStone'>
        <OreBlock block='forestry:resources:2' />
        <Setting name='Frequency' avg='20' range='8' scaleTo='biome' />
        <Setting name='Height' avg='85' range='30' scaleTo='biome' />
      </StandardGen>
      <StandardGen name='Sparse Tin2' inherits='SparseStone'>
        <OreBlock block='forestry:resources:2' />
        <Setting name='Frequency' avg='10' range='8' scaleTo='biome' />
        <Setting name='Height' avg='45' range='10' scaleTo='biome' />
      </StandardGen>
      <!-- ~~~~~~~~~~~~~~~~~~~~~~~~~~~~~~~~~~~~~~~~~~~~~~~~Lead Ore~~~~~~~~~~~~~~~~~~~~~~~~~~~~~~~~~~~~~~~~~~~~~~~~~~~~~ -->
      <StandardGen name='Sparse Lead' inherits='SparseStone'>
        <OreBlock block='techreborn:techreborn.ore:12' />
        <Setting name='Frequency' avg='13' range='8' scaleTo='biome' />
        <Setting name='Height' avg='26' range='3' scaleTo='biome' />
      </StandardGen>
      <StandardGen name='Sparse Lead' inherits='SparseStone'>
        <OreBlock block='techreborn:techreborn.ore:12' />
        <Setting name='Frequency' avg='10' range='8' scaleTo='biome' />
        <Setting name='Height' avg='16' range='3' scaleTo='biome' />
      </StandardGen>
      <!-- ~~~~~~~~~~~~~~~~~~~~~~~~~~~~~~~~~~~~~~~~~~~~~~~~Silver Ore~~~~~~~~~~~~~~~~~~~~~~~~~~~~~~~~~~~~~~~~~~~~~~~~~~~~~ -->
      <StandardGen name='Sparse Silver' inherits='SparseStone'>
        <OreBlock block='techreborn:techreborn.ore:13' />
        <Setting name='Frequency' avg='10' range='8' scaleTo='biome' />
        <Setting name='Height' avg='35' range='5' scaleTo='biome' />
      </StandardGen>
      <StandardGen name='Sparse Silver1' inherits='SparseStone'>
        <OreBlock block='techreborn:techreborn.ore:12' />
        <Setting name='Frequency' avg='6' range='8' scaleTo='biome' />
        <Setting name='Height' avg='25' range='5' scaleTo='biome' />
      </StandardGen>
      <!-- ~~~~~~~~~~~~~~~~~~~~~~~~~~~~~~~~~~~~~~~~~~~~~~~~Bauxite Ore~~~~~~~~~~~~~~~~~~~~~~~~~~~~~~~~~~~~~~~~~~~~~~~~~~~~~ -->
      <StandardGen name='Sparse Aluminium' inherits='SparseStone'>
        <OreBlock block='techreborn:techreborn.ore:4' />
        <Setting name='Frequency' avg='10' range='8' scaleTo='biome' />
        <Setting name='Height' avg='38' range='15' scaleTo='biome' />
      </StandardGen>
      <StandardGen name='Sparse Aluminium1' inherits='SparseStone'>
        <OreBlock block='techreborn:techreborn.ore:4' />
        <Setting name='Frequency' avg='13' range='8' scaleTo='biome' />
        <Setting name='Height' avg='28' range='5' scaleTo='biome' />
      </StandardGen>
      <!-- ~~~~~~~~~~~~~~~~~~~~~~~~~~~~~~~~~~~~~~~~~~~~~~~~Sheldonite Ore~~~~~~~~~~~~~~~~~~~~~~~~~~~~~~~~~~~~~~~~~~~~~~~~~~~~~ -->
      <StandardGen name='Sparse Sheldonite' inherits='SparseEndstone'>
        <OreBlock block='techreborn:techreborn.ore:9' />
        <Setting name='Frequency' avg='10' range='8' scaleTo='biome' />
        <Setting name='Height' avg='50' range='5' scaleTo='biome' />
      </StandardGen>
      <!-- ~~~~~~~~~~~~~~~~~~~~~~~~~~~~~~~~ Tungsten Ore ~~~~~~~~~~~~~~~~~~~~~~~~~~~~~~~~~~~~ -->
      <Veins name='Tungsten' block='techreborn:techreborn.ore:8' inherits='PresetLayeredVeins'>
        <Description>Small, fairly rare motherlodes with 2-4 horizontal veins each.</Description>
        <DrawWireframe>:=drawWireframes</DrawWireframe>
        <WireframeColor>0x60FFE25C</WireframeColor>
        <Setting name='MotherlodeSize' avg='0.7' range='1' />
        <Setting name='MotherlodeHeight' avg='14' range='4' type='uniform' scaleTo='SeaLevel' />
        <Setting name='SegmentRadius' avg='0.7' range='1' />
        <Setting name='OreDensity' avg='0.5' range='1' />
        <Setting name='MotherlodeFrequency' avg='0.002' />
        <ReplacesOre block='endstone' />
        <ReplacesOre block='stoneBasalt' />
      </Veins>
      <!-- Preferred Biome Distribution -->
      <Veins name='TungstenPrefersVeins' inherits='Tungsten'>
        <Description>Spawns 2 more times in preferred biomes.</Description>
        <DrawWireframe>:=drawWireframes</DrawWireframe>
        <WireframeColor>0x60CD3AC4</WireframeColor>
        <Setting name='MotherlodeFrequency' avg='0.004' />
        <BiomeType name='The End' />
      </Veins>
    </IfCondition>
  </ConfigSection>
</IfModInstalled>
