<?xml version="1.0" encoding="UTF-8" standalone="no"?>

<root>

  <dimension-id DimensionId="-28">
    <name>EnderIO:blockTransceiver</name>
    <name>appliedenergistics2:tile.BlockQuantumLinkChamber</name>
    <name>appliedenergistics2:tile.BlockQuantumRing</name>
    <name>Botania:enderHand</name>
    <name>EnderIO:blockTelePad</name>
    <name>enhancedportals:frame</name>
    <name>enhancedportals:frame:1</name>
    <name>ExtraUtilities:dark_portal</name>
    <name>ExtraUtilities:dark_portal:2</name>
    <name>ExtraUtilities:nodeUpgrade:6</name>
    <name>ExtraUtilities:nodeUpgrade:5</name>
    <name>ihl:tditBlock</name>
    <name>JABBA:mover</name>
    <name>minecraft:obsidian</name>
    <name>MineFactoryReloaded:machine.2:7</name>
    <name>RandomThings:playerinterface</name>
    <name>RandomThings:spectreKey</name>
    <name>Sync:Sync_BlockPlacer:1</name>
    <name>ThaumicTinkerer:interface</name>
  </dimension-id>

  <dimension-id DimensionId="-29">
    <name>appliedenergistics2:tile.BlockQuantumLinkChamber</name>
    <name>appliedenergistics2:tile.BlockQuantumRing</name>
    <name>Botania:enderHand</name>
    <name>EnderIO:blockTelePad</name>
    <name>EnderIO:blockTransceiver</name>
    <name>enhancedportals:frame</name>
    <name>enhancedportals:frame:1</name>
    <name>ExtraUtilities:dark_portal</name>
    <name>ExtraUtilities:dark_portal:2</name>
    <name>ExtraUtilities:nodeUpgrade:6</name>
    <name>ExtraUtilities:nodeUpgrade:5</name>
    <name>ihl:tditBlock</name>
    <name>JABBA:mover</name>
    <name>minecraft:obsidian</name>
    <name>MineFactoryReloaded:machine.2:7</name>
    <name>RandomThings:playerinterface</name>
    <name>RandomThings:spectreKey</name>
    <name>Sync:Sync_BlockPlacer:1</name>
    <name>ThaumicTinkerer:interface</name>
  </dimension-id>

  <dimension-id DimensionId="-30">
    <name>appliedenergistics2:tile.BlockQuantumLinkChamber</name>
    <name>appliedenergistics2:tile.BlockQuantumRing</name>
    <name>Botania:enderHand</name>
    <name>EnderIO:blockTelePad</name>
    <name>EnderIO:blockTransceiver</name>
    <name>enhancedportals:frame</name>
    <name>enhancedportals:frame:1</name>
    <name>ExtraUtilities:dark_portal</name>
    <name>ExtraUtilities:dark_portal:2</name>
    <name>ExtraUtilities:nodeUpgrade:5</name>
    <name>ExtraUtilities:nodeUpgrade:6</name>
    <name>ihl:tditBlock</name>
    <name>JABBA:mover</name>
    <name>minecraft:obsidian</name>
    <name>MineFactoryReloaded:machine.2:7</name>
    <name>RandomThings:playerinterface</name>
    <name>RandomThings:spectreKey</name>
    <name>Sync:Sync_BlockPlacer:1</name>
    <name>ThaumicTinkerer:interface</name>
  </dimension-id>

</root>
