<?xml version="1.0" encoding="UTF-8" standalone="no"?>

<root>
  <dimension-id DimensionId="0">
    <name>StevesFactoryManager:BlockCableOutputName</name>
  </dimension-id>
  <dimension-id DimensionId="-1">
    <name>StevesFactoryManager:BlockCableOutputName</name>
  </dimension-id>
  <dimension-id DimensionId="1">
    <name>StevesFactoryManager:BlockCableOutputName</name>
  </dimension-id>
  <dimension-id DimensionId="2">
    <name>StevesFactoryManager:BlockCableOutputName</name>
  </dimension-id>
  <dimension-id DimensionId="-100">
    <name>StevesFactoryManager:BlockCableOutputName</name>
  </dimension-id>
  <dimension-id DimensionId="-112">
    <name>StevesFactoryManager:BlockCableOutputName</name>
  </dimension-id>
  <dimension-id DimensionId="-42">
    <name>StevesFactoryManager:BlockCableOutputName</name>
  </dimension-id>
  <dimension-id DimensionId="-7">
    <name>StevesFactoryManager:BlockCableOutputName</name>
  </dimension-id>

  <dimension-id DimensionId="-28">
    <name>appliedenergistics2:tile.BlockQuantumLinkChamber</name>
    <name>appliedenergistics2:tile.BlockQuantumRing</name>
    <name>Botania:enderHand</name>
    <name>chisel:obsidian:10</name>
    <name>chisel:obsidian:11</name>
    <name>chisel:obsidian:12</name>
    <name>chisel:obsidian:13</name>
    <name>chisel:obsidian:14</name>
    <name>chisel:obsidian:15</name>
    <name>chisel:obsidian:1</name>
    <name>chisel:obsidian:2</name>
    <name>chisel:obsidian:3</name>
    <name>chisel:obsidian:4</name>
    <name>chisel:obsidian:5</name>
    <name>chisel:obsidian:6</name>
    <name>chisel:obsidian:7</name>
    <name>chisel:obsidian:8</name>
    <name>chisel:obsidian:9</name>
    <name>chisel:obsidian_snakestone:13</name>
    <name>chisel:obsidian_snakestone:1</name>
    <name>EnderIO:blockTelePad</name>
    <name>EnderIO:blockTransceiver</name>
    <name>enhancedportals:frame:1</name>
    <name>enhancedportals:frame</name>
    <name>ExtraUtilities:color_obsidian:0</name>
    <name>ExtraUtilities:color_obsidian:10</name>
    <name>ExtraUtilities:color_obsidian:11</name>
    <name>ExtraUtilities:color_obsidian:12</name>
    <name>ExtraUtilities:color_obsidian:13</name>
    <name>ExtraUtilities:color_obsidian:14</name>
    <name>ExtraUtilities:color_obsidian:15</name>
    <name>ExtraUtilities:color_obsidian:1</name>
    <name>ExtraUtilities:color_obsidian:2</name>
    <name>ExtraUtilities:color_obsidian:3</name>
    <name>ExtraUtilities:color_obsidian:4</name>
    <name>ExtraUtilities:color_obsidian:5</name>
    <name>ExtraUtilities:color_obsidian:6</name>
    <name>ExtraUtilities:color_obsidian:7</name>
    <name>ExtraUtilities:color_obsidian:8</name>
    <name>ExtraUtilities:color_obsidian:9</name>
    <name>ExtraUtilities:dark_portal:2</name>
    <name>ExtraUtilities:dark_portal</name>
    <name>ExtraUtilities:nodeUpgrade:5</name>
    <name>ExtraUtilities:nodeUpgrade:6</name>
    <name>ihl:tditBlock</name>
    <name>JABBA:mover</name>
    <name>minecraft:obsidian</name>
    <name>MineFactoryReloaded:machine.2:7</name>
    <name>RandomThings:playerinterface</name>
    <name>RandomThings:spectreKey</name>
    <name>StevesFactoryManager:BlockCableOutputName</name>
    <name>Sync:Sync_BlockPlacer:1</name>
    <name>ThaumicTinkerer:interface</name>
  </dimension-id>

  <dimension-id DimensionId="-29">
    <name>appliedenergistics2:tile.BlockQuantumLinkChamber</name>
    <name>appliedenergistics2:tile.BlockQuantumRing</name>
    <name>Botania:enderHand</name>
    <name>chisel:obsidian:10</name>
    <name>chisel:obsidian:11</name>
    <name>chisel:obsidian:12</name>
    <name>chisel:obsidian:13</name>
    <name>chisel:obsidian:14</name>
    <name>chisel:obsidian:15</name>
    <name>chisel:obsidian:1</name>
    <name>chisel:obsidian:2</name>
    <name>chisel:obsidian:3</name>
    <name>chisel:obsidian:4</name>
    <name>chisel:obsidian:5</name>
    <name>chisel:obsidian:6</name>
    <name>chisel:obsidian:7</name>
    <name>chisel:obsidian:8</name>
    <name>chisel:obsidian:9</name>
    <name>chisel:obsidian_snakestone:13</name>
    <name>chisel:obsidian_snakestone:1</name>
    <name>EnderIO:blockTelePad</name>
    <name>EnderIO:blockTransceiver</name>
    <name>enhancedportals:frame:1</name>
    <name>enhancedportals:frame</name>
    <name>ExtraUtilities:color_obsidian:0</name>
    <name>ExtraUtilities:color_obsidian:10</name>
    <name>ExtraUtilities:color_obsidian:11</name>
    <name>ExtraUtilities:color_obsidian:12</name>
    <name>ExtraUtilities:color_obsidian:13</name>
    <name>ExtraUtilities:color_obsidian:14</name>
    <name>ExtraUtilities:color_obsidian:15</name>
    <name>ExtraUtilities:color_obsidian:1</name>
    <name>ExtraUtilities:color_obsidian:2</name>
    <name>ExtraUtilities:color_obsidian:3</name>
    <name>ExtraUtilities:color_obsidian:4</name>
    <name>ExtraUtilities:color_obsidian:5</name>
    <name>ExtraUtilities:color_obsidian:6</name>
    <name>ExtraUtilities:color_obsidian:7</name>
    <name>ExtraUtilities:color_obsidian:8</name>
    <name>ExtraUtilities:color_obsidian:9</name>
    <name>ExtraUtilities:dark_portal:2</name>
    <name>ExtraUtilities:dark_portal</name>
    <name>ExtraUtilities:nodeUpgrade:5</name>
    <name>ExtraUtilities:nodeUpgrade:6</name>
    <name>ihl:tditBlock</name>
    <name>JABBA:mover</name>
    <name>minecraft:obsidian</name>
    <name>MineFactoryReloaded:machine.2:7</name>
    <name>RandomThings:playerinterface</name>
    <name>RandomThings:spectreKey</name>
    <name>StevesFactoryManager:BlockCableOutputName</name>
    <name>Sync:Sync_BlockPlacer:1</name>
    <name>ThaumicTinkerer:interface</name>
  </dimension-id>

  <dimension-id DimensionId="-30">
    <name>appliedenergistics2:tile.BlockQuantumLinkChamber</name>
    <name>appliedenergistics2:tile.BlockQuantumRing</name>
    <name>Botania:enderHand</name>
    <name>chisel:obsidian:10</name>
    <name>chisel:obsidian:11</name>
    <name>chisel:obsidian:12</name>
    <name>chisel:obsidian:13</name>
    <name>chisel:obsidian:14</name>
    <name>chisel:obsidian:15</name>
    <name>chisel:obsidian:1</name>
    <name>chisel:obsidian:2</name>
    <name>chisel:obsidian:3</name>
    <name>chisel:obsidian:4</name>
    <name>chisel:obsidian:5</name>
    <name>chisel:obsidian:6</name>
    <name>chisel:obsidian:7</name>
    <name>chisel:obsidian:8</name>
    <name>chisel:obsidian:9</name>
    <name>chisel:obsidian_snakestone:13</name>
    <name>chisel:obsidian_snakestone:1</name>
    <name>EnderIO:blockTelePad</name>
    <name>EnderIO:blockTransceiver</name>
    <name>enhancedportals:frame:1</name>
    <name>enhancedportals:frame</name>
    <name>ExtraUtilities:color_obsidian:0</name>
    <name>ExtraUtilities:color_obsidian:10</name>
    <name>ExtraUtilities:color_obsidian:11</name>
    <name>ExtraUtilities:color_obsidian:12</name>
    <name>ExtraUtilities:color_obsidian:13</name>
    <name>ExtraUtilities:color_obsidian:14</name>
    <name>ExtraUtilities:color_obsidian:15</name>
    <name>ExtraUtilities:color_obsidian:1</name>
    <name>ExtraUtilities:color_obsidian:2</name>
    <name>ExtraUtilities:color_obsidian:3</name>
    <name>ExtraUtilities:color_obsidian:4</name>
    <name>ExtraUtilities:color_obsidian:5</name>
    <name>ExtraUtilities:color_obsidian:6</name>
    <name>ExtraUtilities:color_obsidian:7</name>
    <name>ExtraUtilities:color_obsidian:8</name>
    <name>ExtraUtilities:color_obsidian:9</name>
    <name>ExtraUtilities:dark_portal:2</name>
    <name>ExtraUtilities:dark_portal</name>
    <name>ExtraUtilities:nodeUpgrade:5</name>
    <name>ExtraUtilities:nodeUpgrade:6</name>
    <name>ihl:tditBlock</name>
    <name>JABBA:mover</name>
    <name>minecraft:obsidian</name>
    <name>MineFactoryReloaded:machine.2:7</name>
    <name>RandomThings:playerinterface</name>
    <name>RandomThings:spectreKey</name>
    <name>StevesFactoryManager:BlockCableOutputName</name>
    <name>Sync:Sync_BlockPlacer:1</name>
    <name>ThaumicTinkerer:interface</name>
  </dimension-id>
</root>
