<?xml version="1.0" encoding="UTF-8" standalone="no"?>
<root>
  <server>
    <name>Beyond Reality Whitelist</name>
    <ip>br.beyondrealitypack.com</ip>
  </server>

  <server>
    <name>Dirt Huts</name>
    <IP>192.99.8.12:25561</IP>
  </server>

  <server>
    <name>www.DigToBuild.com</name>
    <ip>br.digtobuild.com</ip>
  </server>

  <server>
    <name>Craftaga's Beyond Reality</name>
    <ip>play.minecraftbeyondreality.com</ip>
  </server>

  <server>
    <name>Beyond Reality.Gi.Ant</name>
    <ip>5.9.2.247</ip>
  </server>
</root>
